,Generation,v_trial,score_trial,score_target,gen_avg,gen_best,gen_sol
0,1,[0.050988],31.41600080939371,37.4597181258439,,,
1,1,[0.4663625],12.972223455147041,32.503221898182446,,,
2,1,[0.0675],29.001426151095316,29.001426151095316,,,
3,1,[0.4667],12.966522869346795,12.966522869346795,,,
4,-,-,-,-,27.982722261117114,37.4597181258439,[0.025]
