,Generation,v_trial,score_trial,score_target,gen_avg,gen_best,gen_sol
0,1,[0.025],37.4597181258439,37.4597181258439,,,
1,1,[0.045],32.503221898182446,32.503221898182446,,,
2,1,[0.4670375],12.961828266263325,29.001426151095316,,,
3,1,[0.4667],12.966522869346795,12.966522869346795,,,
4,-,-,-,-,27.982722261117114,37.4597181258439,[0.025]
